accuracy,precision,recall,f1,roc_auc,fold,arm
0.8111111111111111,0.78125,0.7142857142857143,0.746268656716418,0.8953246753246753,1,A_baseline_features_RF (published baseline)
0.7777777777777778,0.7272727272727273,0.6857142857142857,0.7058823529411765,0.8766233766233766,1,B_baseline_features_HGB (model swap only)
0.8666666666666667,0.8484848484848485,0.8,0.8235294117647058,0.9277922077922078,1,C_my_features_RF (features swap only)
0.8777777777777778,0.8333333333333334,0.8571428571428571,0.8450704225352113,0.9366233766233767,1,D_my_features_HGB (my full solution)
0.7640449438202247,0.7407407407407407,0.5882352941176471,0.6557377049180327,0.8449197860962566,2,A_baseline_features_RF (published baseline)
0.7528089887640449,0.7142857142857143,0.5882352941176471,0.6451612903225806,0.856951871657754,2,B_baseline_features_HGB (model swap only)
0.8089887640449438,0.7741935483870968,0.7058823529411765,0.7384615384615385,0.8804812834224599,2,C_my_features_RF (features swap only)
0.797752808988764,0.7857142857142857,0.6470588235294118,0.7096774193548387,0.8470588235294116,2,D_my_features_HGB (my full solution)
0.7415730337078652,0.6666666666666666,0.6470588235294118,0.6567164179104478,0.8189839572192514,3,A_baseline_features_RF (published baseline)
0.7752808988764045,0.71875,0.6764705882352942,0.696969696969697,0.81951871657754,3,B_baseline_features_HGB (model swap only)
0.8202247191011236,0.7647058823529411,0.7647058823529411,0.7647058823529411,0.8192513368983957,3,C_my_features_RF (features swap only)
0.8539325842696629,0.8181818181818182,0.7941176470588235,0.8059701492537313,0.8518716577540107,3,D_my_features_HGB (my full solution)
0.797752808988764,0.8076923076923077,0.6176470588235294,0.7,0.8911764705882352,4,A_baseline_features_RF (published baseline)
0.7865168539325843,0.8,0.5882352941176471,0.6779661016949152,0.898663101604278,4,B_baseline_features_HGB (model swap only)
0.8202247191011236,0.8214285714285714,0.6764705882352942,0.7419354838709677,0.9275401069518715,4,C_my_features_RF (features swap only)
0.8651685393258427,0.8235294117647058,0.8235294117647058,0.8235294117647058,0.9050802139037433,4,D_my_features_HGB (my full solution)
0.7752808988764045,0.7916666666666666,0.5588235294117647,0.6551724137931034,0.7770053475935829,5,A_baseline_features_RF (published baseline)
0.7528089887640449,0.7727272727272727,0.5,0.6071428571428571,0.7935828877005349,5,B_baseline_features_HGB (model swap only)
0.797752808988764,0.8333333333333334,0.5882352941176471,0.6896551724137931,0.8093582887700536,5,C_my_features_RF (features swap only)
0.8314606741573034,0.8275862068965517,0.7058823529411765,0.7619047619047619,0.8077540106951872,5,D_my_features_HGB (my full solution)
0.797752808988764,0.8076923076923077,0.6176470588235294,0.7,0.8684491978609625,6,A_baseline_features_RF (published baseline)
0.7752808988764045,0.8181818181818182,0.5294117647058824,0.6428571428571429,0.8529411764705883,6,B_baseline_features_HGB (model swap only)
0.8426966292134831,0.8333333333333334,0.7352941176470589,0.78125,0.8842245989304811,6,C_my_features_RF (features swap only)
0.8202247191011236,0.8214285714285714,0.6764705882352942,0.7419354838709677,0.872994652406417,6,D_my_features_HGB (my full solution)
0.7865168539325843,0.7586206896551724,0.6470588235294118,0.6984126984126984,0.8310160427807486,7,A_baseline_features_RF (published baseline)
0.7752808988764045,0.6944444444444444,0.7352941176470589,0.7142857142857143,0.8550802139037432,7,B_baseline_features_HGB (model swap only)
0.8426966292134831,0.8125,0.7647058823529411,0.7878787878787878,0.881283422459893,7,C_my_features_RF (features swap only)
0.8202247191011236,0.75,0.7941176470588235,0.7714285714285715,0.9106951871657754,7,D_my_features_HGB (my full solution)
0.8089887640449438,0.8148148148148148,0.6470588235294118,0.7213114754098361,0.8200534759358289,8,A_baseline_features_RF (published baseline)
0.7640449438202247,0.7096774193548387,0.6470588235294118,0.676923076923077,0.8229946524064171,8,B_baseline_features_HGB (model swap only)
0.8089887640449438,0.7931034482758621,0.6764705882352942,0.7301587301587301,0.8211229946524063,8,C_my_features_RF (features swap only)
0.8202247191011236,0.8214285714285714,0.6764705882352942,0.7419354838709677,0.8344919786096258,8,D_my_features_HGB (my full solution)
0.8314606741573034,0.7567567567567568,0.8235294117647058,0.7887323943661971,0.9216577540106953,9,A_baseline_features_RF (published baseline)
0.8314606741573034,0.7435897435897436,0.8529411764705882,0.7945205479452054,0.9173796791443851,9,B_baseline_features_HGB (model swap only)
0.8539325842696629,0.7837837837837838,0.8529411764705882,0.8169014084507042,0.9195187165775401,9,C_my_features_RF (features swap only)
0.8202247191011236,0.75,0.7941176470588235,0.7714285714285715,0.9160427807486632,9,D_my_features_HGB (my full solution)
0.8202247191011236,0.88,0.6285714285714286,0.7333333333333333,0.8198412698412699,10,A_baseline_features_RF (published baseline)
0.7528089887640449,0.7241379310344828,0.6,0.65625,0.7775132275132275,10,B_baseline_features_HGB (model swap only)
0.8539325842696629,0.8666666666666667,0.7428571428571429,0.8,0.8685185185185185,10,C_my_features_RF (features swap only)
0.8202247191011236,0.8518518518518519,0.6571428571428571,0.7419354838709677,0.867989417989418,10,D_my_features_HGB (my full solution)
0.8222222222222222,0.88,0.6285714285714286,0.7333333333333333,0.783896103896104,11,A_baseline_features_RF (published baseline)
0.7444444444444445,0.8,0.45714285714285713,0.5818181818181818,0.7745454545454546,11,B_baseline_features_HGB (model swap only)
0.8222222222222222,0.8518518518518519,0.6571428571428571,0.7419354838709677,0.7893506493506494,11,C_my_features_RF (features swap only)
0.7888888888888889,0.7857142857142857,0.6285714285714286,0.6984126984126984,0.7883116883116884,11,D_my_features_HGB (my full solution)
0.8426966292134831,0.8333333333333334,0.7352941176470589,0.78125,0.8997326203208555,12,A_baseline_features_RF (published baseline)
0.8202247191011236,0.8214285714285714,0.6764705882352942,0.7419354838709677,0.9010695187165775,12,B_baseline_features_HGB (model swap only)
0.8651685393258427,0.84375,0.7941176470588235,0.8181818181818182,0.9114973262032084,12,C_my_features_RF (features swap only)
0.8539325842696629,0.8,0.8235294117647058,0.8115942028985508,0.8863636363636362,12,D_my_features_HGB (my full solution)
0.8314606741573034,0.8518518518518519,0.6764705882352942,0.7540983606557377,0.8890374331550802,13,A_baseline_features_RF (published baseline)
0.8089887640449438,0.8148148148148148,0.6470588235294118,0.7213114754098361,0.8906417112299464,13,B_baseline_features_HGB (model swap only)
0.8426966292134831,0.8571428571428571,0.7058823529411765,0.7741935483870968,0.9026737967914438,13,C_my_features_RF (features swap only)
0.8314606741573034,0.8275862068965517,0.7058823529411765,0.7619047619047619,0.8935828877005348,13,D_my_features_HGB (my full solution)
0.7865168539325843,0.7142857142857143,0.7352941176470589,0.7246376811594203,0.8826203208556149,14,A_baseline_features_RF (published baseline)
0.7528089887640449,0.6875,0.6470588235294118,0.6666666666666666,0.859090909090909,14,B_baseline_features_HGB (model swap only)
0.8089887640449438,0.7428571428571429,0.7647058823529411,0.7536231884057971,0.9061497326203208,14,C_my_features_RF (features swap only)
0.8202247191011236,0.7647058823529411,0.7647058823529411,0.7647058823529411,0.9002673796791444,14,D_my_features_HGB (my full solution)
0.7528089887640449,0.7,0.6176470588235294,0.65625,0.8093582887700536,15,A_baseline_features_RF (published baseline)
0.7752808988764045,0.75,0.6176470588235294,0.6774193548387096,0.8307486631016042,15,B_baseline_features_HGB (model swap only)
0.797752808988764,0.75,0.7058823529411765,0.7272727272727273,0.8601604278074866,15,C_my_features_RF (features swap only)
0.8426966292134831,0.8125,0.7647058823529411,0.7878787878787878,0.8505347593582887,15,D_my_features_HGB (my full solution)
0.7640449438202247,0.7096774193548387,0.6470588235294118,0.676923076923077,0.8411764705882353,16,A_baseline_features_RF (published baseline)
0.7528089887640449,0.7,0.6176470588235294,0.65625,0.8489304812834224,16,B_baseline_features_HGB (model swap only)
0.797752808988764,0.75,0.7058823529411765,0.7272727272727273,0.8783422459893048,16,C_my_features_RF (features swap only)
0.8089887640449438,0.7741935483870968,0.7058823529411765,0.7384615384615385,0.8799465240641711,16,D_my_features_HGB (my full solution)
0.7078651685393258,0.625,0.5882352941176471,0.6060606060606061,0.7703208556149734,17,A_baseline_features_RF (published baseline)
0.6853932584269663,0.6,0.5294117647058824,0.5625,0.8229946524064171,17,B_baseline_features_HGB (model swap only)
0.7865168539325843,0.7419354838709677,0.6764705882352942,0.7076923076923077,0.839572192513369,17,C_my_features_RF (features swap only)
0.797752808988764,0.7352941176470589,0.7352941176470589,0.7352941176470589,0.8566844919786095,17,D_my_features_HGB (my full solution)
0.8426966292134831,0.8125,0.7647058823529411,0.7878787878787878,0.8649732620320855,18,A_baseline_features_RF (published baseline)
0.8202247191011236,0.7647058823529411,0.7647058823529411,0.7647058823529411,0.866042780748663,18,B_baseline_features_HGB (model swap only)
0.8651685393258427,0.84375,0.7941176470588235,0.8181818181818182,0.8978609625668449,18,C_my_features_RF (features swap only)
0.797752808988764,0.7857142857142857,0.6470588235294118,0.7096774193548387,0.9064171122994652,18,D_my_features_HGB (my full solution)
0.7640449438202247,0.696969696969697,0.6764705882352942,0.6865671641791045,0.8163101604278076,19,A_baseline_features_RF (published baseline)
0.7415730337078652,0.6666666666666666,0.6470588235294118,0.6567164179104478,0.8283422459893048,19,B_baseline_features_HGB (model swap only)
0.797752808988764,0.7352941176470589,0.7352941176470589,0.7352941176470589,0.8743315508021391,19,C_my_features_RF (features swap only)
0.8426966292134831,0.7941176470588235,0.7941176470588235,0.7941176470588235,0.9002673796791444,19,D_my_features_HGB (my full solution)
0.8539325842696629,0.9583333333333334,0.6571428571428571,0.7796610169491526,0.8436507936507938,20,A_baseline_features_RF (published baseline)
0.8314606741573034,0.9545454545454546,0.6,0.7368421052631579,0.8513227513227514,20,B_baseline_features_HGB (model swap only)
0.8764044943820225,0.9615384615384616,0.7142857142857143,0.819672131147541,0.8801587301587303,20,C_my_features_RF (features swap only)
0.8651685393258427,0.96,0.6857142857142857,0.8,0.8791005291005289,20,D_my_features_HGB (my full solution)
0.7666666666666667,0.7692307692307693,0.5714285714285714,0.6557377049180327,0.8612987012987013,21,A_baseline_features_RF (published baseline)
0.7666666666666667,0.7692307692307693,0.5714285714285714,0.6557377049180327,0.8607792207792208,21,B_baseline_features_HGB (model swap only)
0.8555555555555555,0.8235294117647058,0.8,0.8115942028985508,0.9145454545454544,21,C_my_features_RF (features swap only)
0.8555555555555555,0.8055555555555556,0.8285714285714286,0.8169014084507042,0.9096103896103895,21,D_my_features_HGB (my full solution)
0.797752808988764,0.7857142857142857,0.6470588235294118,0.7096774193548387,0.8411764705882353,22,A_baseline_features_RF (published baseline)
0.797752808988764,0.7857142857142857,0.6470588235294118,0.7096774193548387,0.8200534759358289,22,B_baseline_features_HGB (model swap only)
0.8539325842696629,0.8620689655172413,0.7352941176470589,0.7936507936507936,0.889572192513369,22,C_my_features_RF (features swap only)
0.8314606741573034,0.8064516129032258,0.7352941176470589,0.7692307692307693,0.8705882352941177,22,D_my_features_HGB (my full solution)
0.7752808988764045,0.7333333333333333,0.6470588235294118,0.6875,0.8048128342245988,23,A_baseline_features_RF (published baseline)
0.7640449438202247,0.7241379310344828,0.6176470588235294,0.6666666666666666,0.7871657754010696,23,B_baseline_features_HGB (model swap only)
0.797752808988764,0.75,0.7058823529411765,0.7272727272727273,0.8,23,C_my_features_RF (features swap only)
0.7752808988764045,0.71875,0.6764705882352942,0.696969696969697,0.8016042780748663,23,D_my_features_HGB (my full solution)
0.8314606741573034,0.8064516129032258,0.7352941176470589,0.7692307692307693,0.8732620320855615,24,A_baseline_features_RF (published baseline)
0.8426966292134831,0.8333333333333334,0.7352941176470589,0.78125,0.8796791443850267,24,B_baseline_features_HGB (model swap only)
0.8539325842696629,0.8387096774193549,0.7647058823529411,0.8,0.8631016042780748,24,C_my_features_RF (features swap only)
0.8426966292134831,0.8571428571428571,0.7058823529411765,0.7741935483870968,0.8516042780748662,24,D_my_features_HGB (my full solution)
0.8764044943820225,0.8285714285714286,0.8529411764705882,0.8405797101449275,0.9451871657754011,25,A_baseline_features_RF (published baseline)
0.8426966292134831,0.7941176470588235,0.7941176470588235,0.7941176470588235,0.9066844919786096,25,B_baseline_features_HGB (model swap only)
0.898876404494382,0.8378378378378378,0.9117647058823529,0.8732394366197183,0.9446524064171121,25,C_my_features_RF (features swap only)
0.8764044943820225,0.7948717948717948,0.9117647058823529,0.8493150684931506,0.9328877005347594,25,D_my_features_HGB (my full solution)
0.797752808988764,0.8333333333333334,0.5882352941176471,0.6896551724137931,0.8368983957219251,26,A_baseline_features_RF (published baseline)
0.7865168539325843,0.8260869565217391,0.5588235294117647,0.6666666666666666,0.8363636363636364,26,B_baseline_features_HGB (model swap only)
0.8202247191011236,0.8461538461538461,0.6470588235294118,0.7333333333333333,0.8513368983957219,26,C_my_features_RF (features swap only)
0.797752808988764,0.75,0.7058823529411765,0.7272727272727273,0.8620320855614974,26,D_my_features_HGB (my full solution)
0.7303370786516854,0.6470588235294118,0.6470588235294118,0.6470588235294118,0.8328877005347594,27,A_baseline_features_RF (published baseline)
0.7303370786516854,0.6470588235294118,0.6470588235294118,0.6470588235294118,0.8360962566844921,27,B_baseline_features_HGB (model swap only)
0.797752808988764,0.7222222222222222,0.7647058823529411,0.7428571428571429,0.8671122994652407,27,C_my_features_RF (features swap only)
0.8314606741573034,0.7567567567567568,0.8235294117647058,0.7887323943661971,0.8764705882352942,27,D_my_features_HGB (my full solution)
0.7865168539325843,0.7586206896551724,0.6470588235294118,0.6984126984126984,0.806951871657754,28,A_baseline_features_RF (published baseline)
0.7865168539325843,0.7586206896551724,0.6470588235294118,0.6984126984126984,0.8379679144385027,28,B_baseline_features_HGB (model swap only)
0.8202247191011236,0.8214285714285714,0.6764705882352942,0.7419354838709677,0.8291443850267379,28,C_my_features_RF (features swap only)
0.8202247191011236,0.8214285714285714,0.6764705882352942,0.7419354838709677,0.8580213903743316,28,D_my_features_HGB (my full solution)
0.7528089887640449,0.7307692307692307,0.5588235294117647,0.6333333333333333,0.8398395721925132,29,A_baseline_features_RF (published baseline)
0.7528089887640449,0.7142857142857143,0.5882352941176471,0.6451612903225806,0.8328877005347592,29,B_baseline_features_HGB (model swap only)
0.8202247191011236,0.78125,0.7352941176470589,0.7575757575757576,0.9010695187165776,29,C_my_features_RF (features swap only)
0.8764044943820225,0.8285714285714286,0.8529411764705882,0.8405797101449275,0.9090909090909091,29,D_my_features_HGB (my full solution)
0.7640449438202247,0.7916666666666666,0.5428571428571428,0.6440677966101694,0.8293650793650793,30,A_baseline_features_RF (published baseline)
0.7303370786516854,0.7391304347826086,0.4857142857142857,0.5862068965517241,0.8312169312169312,30,B_baseline_features_HGB (model swap only)
0.7752808988764045,0.8571428571428571,0.5142857142857142,0.6428571428571429,0.8357142857142857,30,C_my_features_RF (features swap only)
0.7528089887640449,0.8421052631578947,0.45714285714285713,0.5925925925925926,0.864021164021164,30,D_my_features_HGB (my full solution)
0.8444444444444444,0.8888888888888888,0.6857142857142857,0.7741935483870968,0.9163636363636364,31,A_baseline_features_RF (published baseline)
0.8,0.8148148148148148,0.6285714285714286,0.7096774193548387,0.9005194805194805,31,B_baseline_features_HGB (model swap only)
0.9222222222222223,0.9666666666666667,0.8285714285714286,0.8923076923076924,0.9262337662337662,31,C_my_features_RF (features swap only)
0.8666666666666667,0.8709677419354839,0.7714285714285715,0.8181818181818182,0.8867532467532468,31,D_my_features_HGB (my full solution)
0.7865168539325843,0.7777777777777778,0.6176470588235294,0.6885245901639344,0.8328877005347594,32,A_baseline_features_RF (published baseline)
0.7752808988764045,0.75,0.6176470588235294,0.6774193548387096,0.8409090909090909,32,B_baseline_features_HGB (model swap only)
0.7865168539325843,0.7586206896551724,0.6470588235294118,0.6984126984126984,0.8347593582887701,32,C_my_features_RF (features swap only)
0.8202247191011236,0.8214285714285714,0.6764705882352942,0.7419354838709677,0.8251336898395721,32,D_my_features_HGB (my full solution)
0.7415730337078652,0.6774193548387096,0.6176470588235294,0.6461538461538462,0.8457219251336898,33,A_baseline_features_RF (published baseline)
0.7303370786516854,0.6666666666666666,0.5882352941176471,0.625,0.8574866310160427,33,B_baseline_features_HGB (model swap only)
0.7752808988764045,0.7058823529411765,0.7058823529411765,0.7058823529411765,0.8631016042780748,33,C_my_features_RF (features swap only)
0.8089887640449438,0.7428571428571429,0.7647058823529411,0.7536231884057971,0.8901069518716578,33,D_my_features_HGB (my full solution)
0.7078651685393258,0.6428571428571429,0.5294117647058824,0.5806451612903226,0.7636363636363637,34,A_baseline_features_RF (published baseline)
0.6966292134831461,0.6296296296296297,0.5,0.5573770491803278,0.7513368983957219,34,B_baseline_features_HGB (model swap only)
0.7865168539325843,0.7272727272727273,0.7058823529411765,0.7164179104477612,0.8160427807486631,34,C_my_features_RF (features swap only)
0.797752808988764,0.7105263157894737,0.7941176470588235,0.75,0.8350267379679144,34,D_my_features_HGB (my full solution)
0.8089887640449438,0.7575757575757576,0.7352941176470589,0.746268656716418,0.8414438502673797,35,A_baseline_features_RF (published baseline)
0.8089887640449438,0.7575757575757576,0.7352941176470589,0.746268656716418,0.838235294117647,35,B_baseline_features_HGB (model swap only)
0.8539325842696629,0.8,0.8235294117647058,0.8115942028985508,0.8700534759358288,35,C_my_features_RF (features swap only)
0.8089887640449438,0.717948717948718,0.8235294117647058,0.7671232876712328,0.891711229946524,35,D_my_features_HGB (my full solution)
0.8202247191011236,0.8461538461538461,0.6470588235294118,0.7333333333333333,0.8411764705882354,36,A_baseline_features_RF (published baseline)
0.7865168539325843,0.8,0.5882352941176471,0.6779661016949152,0.8374331550802139,36,B_baseline_features_HGB (model swap only)
0.8314606741573034,0.8518518518518519,0.6764705882352942,0.7540983606557377,0.8732620320855613,36,C_my_features_RF (features swap only)
0.8089887640449438,0.7575757575757576,0.7352941176470589,0.746268656716418,0.8802139037433155,36,D_my_features_HGB (my full solution)
0.7752808988764045,0.71875,0.6764705882352942,0.696969696969697,0.8168449197860963,37,A_baseline_features_RF (published baseline)
0.7640449438202247,0.7241379310344828,0.6176470588235294,0.6666666666666666,0.8280748663101605,37,B_baseline_features_HGB (model swap only)
0.7865168539325843,0.7586206896551724,0.6470588235294118,0.6984126984126984,0.8435828877005347,37,C_my_features_RF (features swap only)
0.797752808988764,0.8636363636363636,0.5588235294117647,0.6785714285714286,0.8885026737967915,37,D_my_features_HGB (my full solution)
0.8314606741573034,0.8064516129032258,0.7352941176470589,0.7692307692307693,0.860427807486631,38,A_baseline_features_RF (published baseline)
0.8089887640449438,0.7575757575757576,0.7352941176470589,0.746268656716418,0.8483957219251336,38,B_baseline_features_HGB (model swap only)
0.8202247191011236,0.8,0.7058823529411765,0.75,0.8863636363636362,38,C_my_features_RF (features swap only)
0.8314606741573034,0.8064516129032258,0.7352941176470589,0.7692307692307693,0.8561497326203209,38,D_my_features_HGB (my full solution)
0.8539325842696629,0.92,0.6764705882352942,0.7796610169491526,0.8823529411764706,39,A_baseline_features_RF (published baseline)
0.8314606741573034,0.88,0.6470588235294118,0.7457627118644068,0.8759358288770053,39,B_baseline_features_HGB (model swap only)
0.8764044943820225,0.9259259259259259,0.7352941176470589,0.819672131147541,0.9112299465240643,39,C_my_features_RF (features swap only)
0.8764044943820225,0.8709677419354839,0.7941176470588235,0.8307692307692308,0.920855614973262,39,D_my_features_HGB (my full solution)
0.7640449438202247,0.7058823529411765,0.6857142857142857,0.6956521739130435,0.838095238095238,40,A_baseline_features_RF (published baseline)
0.7415730337078652,0.7,0.6,0.6461538461538462,0.8333333333333331,40,B_baseline_features_HGB (model swap only)
0.8764044943820225,0.875,0.8,0.835820895522388,0.8664021164021163,40,C_my_features_RF (features swap only)
0.8651685393258427,0.9259259259259259,0.7142857142857143,0.8064516129032258,0.885978835978836,40,D_my_features_HGB (my full solution)
0.7777777777777778,0.7586206896551724,0.6285714285714286,0.6875,0.8719480519480519,41,A_baseline_features_RF (published baseline)
0.7777777777777778,0.7419354838709677,0.6571428571428571,0.696969696969697,0.8774025974025973,41,B_baseline_features_HGB (model swap only)
0.8222222222222222,0.8064516129032258,0.7142857142857143,0.7575757575757576,0.8784415584415585,41,C_my_features_RF (features swap only)
0.8333333333333334,0.7941176470588235,0.7714285714285715,0.782608695652174,0.8867532467532467,41,D_my_features_HGB (my full solution)
0.7415730337078652,0.6571428571428571,0.6764705882352942,0.6666666666666666,0.8318181818181818,42,A_baseline_features_RF (published baseline)
0.7528089887640449,0.6764705882352942,0.6764705882352942,0.6764705882352942,0.8310160427807486,42,B_baseline_features_HGB (model swap only)
0.8202247191011236,0.7647058823529411,0.7647058823529411,0.7647058823529411,0.8540106951871658,42,C_my_features_RF (features swap only)
0.8202247191011236,0.75,0.7941176470588235,0.7714285714285715,0.8518716577540107,42,D_my_features_HGB (my full solution)
0.7752808988764045,0.7692307692307693,0.5882352941176471,0.6666666666666666,0.8382352941176471,43,A_baseline_features_RF (published baseline)
0.797752808988764,0.7666666666666667,0.6764705882352942,0.71875,0.8411764705882352,43,B_baseline_features_HGB (model swap only)
0.8089887640449438,0.8148148148148148,0.6470588235294118,0.7213114754098361,0.8737967914438503,43,C_my_features_RF (features swap only)
0.8202247191011236,0.875,0.6176470588235294,0.7241379310344828,0.8187165775401071,43,D_my_features_HGB (my full solution)
0.7078651685393258,0.6176470588235294,0.6176470588235294,0.6176470588235294,0.7518716577540107,44,A_baseline_features_RF (published baseline)
0.6853932584269663,0.5833333333333334,0.6176470588235294,0.6,0.7631016042780749,44,B_baseline_features_HGB (model swap only)
0.7752808988764045,0.71875,0.6764705882352942,0.696969696969697,0.8197860962566845,44,C_my_features_RF (features swap only)
0.8202247191011236,0.78125,0.7352941176470589,0.7575757575757576,0.8144385026737968,44,D_my_features_HGB (my full solution)
0.8651685393258427,0.8928571428571429,0.7352941176470589,0.8064516129032258,0.8893048128342247,45,A_baseline_features_RF (published baseline)
0.8426966292134831,0.9166666666666666,0.6470588235294118,0.7586206896551724,0.8828877005347593,45,B_baseline_features_HGB (model swap only)
0.8651685393258427,0.8666666666666667,0.7647058823529411,0.8125,0.8877005347593583,45,C_my_features_RF (features swap only)
0.8314606741573034,0.8275862068965517,0.7058823529411765,0.7619047619047619,0.8967914438502674,45,D_my_features_HGB (my full solution)
0.8314606741573034,0.8275862068965517,0.7058823529411765,0.7619047619047619,0.8796791443850267,46,A_baseline_features_RF (published baseline)
0.8089887640449438,0.7931034482758621,0.6764705882352942,0.7301587301587301,0.8644385026737967,46,B_baseline_features_HGB (model swap only)
0.8539325842696629,0.8620689655172413,0.7352941176470589,0.7936507936507936,0.9144385026737968,46,C_my_features_RF (features swap only)
0.8764044943820225,0.8285714285714286,0.8529411764705882,0.8405797101449275,0.9229946524064171,46,D_my_features_HGB (my full solution)
0.7865168539325843,0.8260869565217391,0.5588235294117647,0.6666666666666666,0.8703208556149732,47,A_baseline_features_RF (published baseline)
0.7865168539325843,0.8260869565217391,0.5588235294117647,0.6666666666666666,0.8935828877005347,47,B_baseline_features_HGB (model swap only)
0.8764044943820225,0.896551724137931,0.7647058823529411,0.8253968253968254,0.8941176470588234,47,C_my_features_RF (features swap only)
0.8202247191011236,0.8,0.7058823529411765,0.75,0.8786096256684491,47,D_my_features_HGB (my full solution)
0.7415730337078652,0.72,0.5294117647058824,0.6101694915254238,0.7564171122994651,48,A_baseline_features_RF (published baseline)
0.7191011235955056,0.6956521739130435,0.47058823529411764,0.5614035087719298,0.7719251336898396,48,B_baseline_features_HGB (model swap only)
0.7865168539325843,0.7586206896551724,0.6470588235294118,0.6984126984126984,0.8235294117647057,48,C_my_features_RF (features swap only)
0.8314606741573034,0.8275862068965517,0.7058823529411765,0.7619047619047619,0.8508021390374331,48,D_my_features_HGB (my full solution)
0.7752808988764045,0.7058823529411765,0.7058823529411765,0.7058823529411765,0.81524064171123,49,A_baseline_features_RF (published baseline)
0.7640449438202247,0.696969696969697,0.6764705882352942,0.6865671641791045,0.817379679144385,49,B_baseline_features_HGB (model swap only)
0.8089887640449438,0.7428571428571429,0.7647058823529411,0.7536231884057971,0.8310160427807487,49,C_my_features_RF (features swap only)
0.7640449438202247,0.7096774193548387,0.6470588235294118,0.676923076923077,0.8483957219251337,49,D_my_features_HGB (my full solution)
0.797752808988764,0.8695652173913043,0.5714285714285714,0.6896551724137931,0.9126984126984127,50,A_baseline_features_RF (published baseline)
0.7865168539325843,0.8333333333333334,0.5714285714285714,0.6779661016949152,0.902116402116402,50,B_baseline_features_HGB (model swap only)
0.8764044943820225,0.9,0.7714285714285715,0.8307692307692308,0.9055555555555556,50,C_my_features_RF (features swap only)
0.8426966292134831,0.8387096774193549,0.7428571428571429,0.7878787878787878,0.9034391534391535,50,D_my_features_HGB (my full solution)
