accuracy,precision,recall,f1,roc_auc,fold,model
0.8111111111111111,0.78125,0.7142857142857143,0.746268656716418,0.8953246753246753,1,baseline
0.8777777777777778,0.8333333333333334,0.8571428571428571,0.8450704225352113,0.9366233766233767,1,mine
0.7640449438202247,0.7407407407407407,0.5882352941176471,0.6557377049180327,0.8449197860962566,2,baseline
0.797752808988764,0.7857142857142857,0.6470588235294118,0.7096774193548387,0.8470588235294116,2,mine
0.7415730337078652,0.6666666666666666,0.6470588235294118,0.6567164179104478,0.8189839572192514,3,baseline
0.8539325842696629,0.8181818181818182,0.7941176470588235,0.8059701492537313,0.8518716577540107,3,mine
0.797752808988764,0.8076923076923077,0.6176470588235294,0.7,0.8911764705882352,4,baseline
0.8651685393258427,0.8235294117647058,0.8235294117647058,0.8235294117647058,0.9050802139037433,4,mine
0.7752808988764045,0.7916666666666666,0.5588235294117647,0.6551724137931034,0.7770053475935829,5,baseline
0.8314606741573034,0.8275862068965517,0.7058823529411765,0.7619047619047619,0.8077540106951872,5,mine
0.797752808988764,0.8076923076923077,0.6176470588235294,0.7,0.8684491978609625,6,baseline
0.8202247191011236,0.8214285714285714,0.6764705882352942,0.7419354838709677,0.872994652406417,6,mine
0.7865168539325843,0.7586206896551724,0.6470588235294118,0.6984126984126984,0.8310160427807486,7,baseline
0.8202247191011236,0.75,0.7941176470588235,0.7714285714285715,0.9106951871657754,7,mine
0.8089887640449438,0.8148148148148148,0.6470588235294118,0.7213114754098361,0.8200534759358289,8,baseline
0.8202247191011236,0.8214285714285714,0.6764705882352942,0.7419354838709677,0.8344919786096258,8,mine
0.8314606741573034,0.7567567567567568,0.8235294117647058,0.7887323943661971,0.9216577540106953,9,baseline
0.8202247191011236,0.75,0.7941176470588235,0.7714285714285715,0.9160427807486632,9,mine
0.8202247191011236,0.88,0.6285714285714286,0.7333333333333333,0.8198412698412699,10,baseline
0.8202247191011236,0.8518518518518519,0.6571428571428571,0.7419354838709677,0.867989417989418,10,mine
0.8222222222222222,0.88,0.6285714285714286,0.7333333333333333,0.783896103896104,11,baseline
0.7888888888888889,0.7857142857142857,0.6285714285714286,0.6984126984126984,0.7883116883116884,11,mine
0.8426966292134831,0.8333333333333334,0.7352941176470589,0.78125,0.8997326203208555,12,baseline
0.8539325842696629,0.8,0.8235294117647058,0.8115942028985508,0.8863636363636362,12,mine
0.8314606741573034,0.8518518518518519,0.6764705882352942,0.7540983606557377,0.8890374331550802,13,baseline
0.8314606741573034,0.8275862068965517,0.7058823529411765,0.7619047619047619,0.8935828877005348,13,mine
0.7865168539325843,0.7142857142857143,0.7352941176470589,0.7246376811594203,0.8826203208556149,14,baseline
0.8202247191011236,0.7647058823529411,0.7647058823529411,0.7647058823529411,0.9002673796791444,14,mine
0.7528089887640449,0.7,0.6176470588235294,0.65625,0.8093582887700536,15,baseline
0.8426966292134831,0.8125,0.7647058823529411,0.7878787878787878,0.8505347593582887,15,mine
0.7640449438202247,0.7096774193548387,0.6470588235294118,0.676923076923077,0.8411764705882353,16,baseline
0.8089887640449438,0.7741935483870968,0.7058823529411765,0.7384615384615385,0.8799465240641711,16,mine
0.7078651685393258,0.625,0.5882352941176471,0.6060606060606061,0.7703208556149734,17,baseline
0.797752808988764,0.7352941176470589,0.7352941176470589,0.7352941176470589,0.8566844919786095,17,mine
0.8426966292134831,0.8125,0.7647058823529411,0.7878787878787878,0.8649732620320855,18,baseline
0.797752808988764,0.7857142857142857,0.6470588235294118,0.7096774193548387,0.9064171122994652,18,mine
0.7640449438202247,0.696969696969697,0.6764705882352942,0.6865671641791045,0.8163101604278076,19,baseline
0.8426966292134831,0.7941176470588235,0.7941176470588235,0.7941176470588235,0.9002673796791444,19,mine
0.8539325842696629,0.9583333333333334,0.6571428571428571,0.7796610169491526,0.8436507936507938,20,baseline
0.8651685393258427,0.96,0.6857142857142857,0.8,0.8791005291005289,20,mine
0.7666666666666667,0.7692307692307693,0.5714285714285714,0.6557377049180327,0.8612987012987013,21,baseline
0.8555555555555555,0.8055555555555556,0.8285714285714286,0.8169014084507042,0.9096103896103895,21,mine
0.797752808988764,0.7857142857142857,0.6470588235294118,0.7096774193548387,0.8411764705882353,22,baseline
0.8314606741573034,0.8064516129032258,0.7352941176470589,0.7692307692307693,0.8705882352941177,22,mine
0.7752808988764045,0.7333333333333333,0.6470588235294118,0.6875,0.8048128342245988,23,baseline
0.7752808988764045,0.71875,0.6764705882352942,0.696969696969697,0.8016042780748663,23,mine
0.8314606741573034,0.8064516129032258,0.7352941176470589,0.7692307692307693,0.8732620320855615,24,baseline
0.8426966292134831,0.8571428571428571,0.7058823529411765,0.7741935483870968,0.8516042780748662,24,mine
0.8764044943820225,0.8285714285714286,0.8529411764705882,0.8405797101449275,0.9451871657754011,25,baseline
0.8764044943820225,0.7948717948717948,0.9117647058823529,0.8493150684931506,0.9328877005347594,25,mine
0.797752808988764,0.8333333333333334,0.5882352941176471,0.6896551724137931,0.8368983957219251,26,baseline
0.797752808988764,0.75,0.7058823529411765,0.7272727272727273,0.8620320855614974,26,mine
0.7303370786516854,0.6470588235294118,0.6470588235294118,0.6470588235294118,0.8328877005347594,27,baseline
0.8314606741573034,0.7567567567567568,0.8235294117647058,0.7887323943661971,0.8764705882352942,27,mine
0.7865168539325843,0.7586206896551724,0.6470588235294118,0.6984126984126984,0.806951871657754,28,baseline
0.8202247191011236,0.8214285714285714,0.6764705882352942,0.7419354838709677,0.8580213903743316,28,mine
0.7528089887640449,0.7307692307692307,0.5588235294117647,0.6333333333333333,0.8398395721925132,29,baseline
0.8764044943820225,0.8285714285714286,0.8529411764705882,0.8405797101449275,0.9090909090909091,29,mine
0.7640449438202247,0.7916666666666666,0.5428571428571428,0.6440677966101694,0.8293650793650793,30,baseline
0.7528089887640449,0.8421052631578947,0.45714285714285713,0.5925925925925926,0.864021164021164,30,mine
0.8444444444444444,0.8888888888888888,0.6857142857142857,0.7741935483870968,0.9163636363636364,31,baseline
0.8666666666666667,0.8709677419354839,0.7714285714285715,0.8181818181818182,0.8867532467532468,31,mine
0.7865168539325843,0.7777777777777778,0.6176470588235294,0.6885245901639344,0.8328877005347594,32,baseline
0.8202247191011236,0.8214285714285714,0.6764705882352942,0.7419354838709677,0.8251336898395721,32,mine
0.7415730337078652,0.6774193548387096,0.6176470588235294,0.6461538461538462,0.8457219251336898,33,baseline
0.8089887640449438,0.7428571428571429,0.7647058823529411,0.7536231884057971,0.8901069518716578,33,mine
0.7078651685393258,0.6428571428571429,0.5294117647058824,0.5806451612903226,0.7636363636363637,34,baseline
0.797752808988764,0.7105263157894737,0.7941176470588235,0.75,0.8350267379679144,34,mine
0.8089887640449438,0.7575757575757576,0.7352941176470589,0.746268656716418,0.8414438502673797,35,baseline
0.8089887640449438,0.717948717948718,0.8235294117647058,0.7671232876712328,0.891711229946524,35,mine
0.8202247191011236,0.8461538461538461,0.6470588235294118,0.7333333333333333,0.8411764705882354,36,baseline
0.8089887640449438,0.7575757575757576,0.7352941176470589,0.746268656716418,0.8802139037433155,36,mine
0.7752808988764045,0.71875,0.6764705882352942,0.696969696969697,0.8168449197860963,37,baseline
0.797752808988764,0.8636363636363636,0.5588235294117647,0.6785714285714286,0.8885026737967915,37,mine
0.8314606741573034,0.8064516129032258,0.7352941176470589,0.7692307692307693,0.860427807486631,38,baseline
0.8314606741573034,0.8064516129032258,0.7352941176470589,0.7692307692307693,0.8561497326203209,38,mine
0.8539325842696629,0.92,0.6764705882352942,0.7796610169491526,0.8823529411764706,39,baseline
0.8764044943820225,0.8709677419354839,0.7941176470588235,0.8307692307692308,0.920855614973262,39,mine
0.7640449438202247,0.7058823529411765,0.6857142857142857,0.6956521739130435,0.838095238095238,40,baseline
0.8651685393258427,0.9259259259259259,0.7142857142857143,0.8064516129032258,0.885978835978836,40,mine
0.7777777777777778,0.7586206896551724,0.6285714285714286,0.6875,0.8719480519480519,41,baseline
0.8333333333333334,0.7941176470588235,0.7714285714285715,0.782608695652174,0.8867532467532467,41,mine
0.7415730337078652,0.6571428571428571,0.6764705882352942,0.6666666666666666,0.8318181818181818,42,baseline
0.8202247191011236,0.75,0.7941176470588235,0.7714285714285715,0.8518716577540107,42,mine
0.7752808988764045,0.7692307692307693,0.5882352941176471,0.6666666666666666,0.8382352941176471,43,baseline
0.8202247191011236,0.875,0.6176470588235294,0.7241379310344828,0.8187165775401071,43,mine
0.7078651685393258,0.6176470588235294,0.6176470588235294,0.6176470588235294,0.7518716577540107,44,baseline
0.8202247191011236,0.78125,0.7352941176470589,0.7575757575757576,0.8144385026737968,44,mine
0.8651685393258427,0.8928571428571429,0.7352941176470589,0.8064516129032258,0.8893048128342247,45,baseline
0.8314606741573034,0.8275862068965517,0.7058823529411765,0.7619047619047619,0.8967914438502674,45,mine
0.8314606741573034,0.8275862068965517,0.7058823529411765,0.7619047619047619,0.8796791443850267,46,baseline
0.8764044943820225,0.8285714285714286,0.8529411764705882,0.8405797101449275,0.9229946524064171,46,mine
0.7865168539325843,0.8260869565217391,0.5588235294117647,0.6666666666666666,0.8703208556149732,47,baseline
0.8202247191011236,0.8,0.7058823529411765,0.75,0.8786096256684491,47,mine
0.7415730337078652,0.72,0.5294117647058824,0.6101694915254238,0.7564171122994651,48,baseline
0.8314606741573034,0.8275862068965517,0.7058823529411765,0.7619047619047619,0.8508021390374331,48,mine
0.7752808988764045,0.7058823529411765,0.7058823529411765,0.7058823529411765,0.81524064171123,49,baseline
0.7640449438202247,0.7096774193548387,0.6470588235294118,0.676923076923077,0.8483957219251337,49,mine
0.797752808988764,0.8695652173913043,0.5714285714285714,0.6896551724137931,0.9126984126984127,50,baseline
0.8426966292134831,0.8387096774193549,0.7428571428571429,0.7878787878787878,0.9034391534391535,50,mine
